brief,predict,score,truth
gov.uscourts.cand.203194.41.0.txt, deny,0.6125239046482959,TBD
gov.uscourts.dcd.129531.8.0.txt, deny,0.5317849616758803,TBD
gov.uscourts.ilsd.32989.25.0.txt, grant,0.552061173527729,TBD
gov.uscourts.nvd.103481.8.0.txt, grant,0.5454253661590975,TBD
gov.uscourts.cand.194080.9.0.txt, grant,0.6074480487921469,TBD
gov.uscourts.mad.99920.55.0.txt, deny,0.5203431286509137,TBD
gov.uscourts.mad.99920.58.0.txt, deny,0.5078192185454757,TBD
gov.uscourts.wied.54416.113.0.txt, grant,0.5463448331114812,TBD
gov.uscourts.akd.28044.32.0.txt, deny,0.5052700632891535,TBD
gov.uscourts.dcd.180660.21.0.txt, grant,0.6180137583544661,TBD
gov.uscourts.dcd.180660.22.0.txt, grant,0.5401363978936654,TBD
gov.uscourts.nmd.274639.39.0.txt, deny,0.553985359051288,TBD
gov.uscourts.cand.195275.95.0.txt, grant,0.5852952126964188,TBD
gov.uscourts.wied.60278.44.0.txt, deny,0.5834196683445008,TBD
gov.uscourts.cand.197268.54.0.txt, deny,0.5109184266811112,TBD
gov.uscourts.mied.226636.194.0.txt, grant,0.5299703868346488,TBD
gov.uscourts.gand.207533.67.0.txt, deny,0.5810558347830774,TBD
gov.uscourts.iasd.63133.18.0.txt, grant,0.5567402919791626,TBD
gov.uscourts.flmd.289654.64.0.txt, grant,0.5498227606227539,TBD
gov.uscourts.wiwd.34886.46.0.txt, grant,0.5881394240436533,TBD
gov.uscourts.txwd.193694.20.0.txt, deny,0.6237468938896512,TBD
gov.uscourts.ilsd.73844.45.0.txt, deny,0.5384000409961148,TBD
gov.uscourts.cand.197045.33.0.txt, deny,0.6402066482831417,TBD
gov.uscourts.med.49305.41.0.txt, deny,0.721558238607642,TBD
gov.uscourts.caeb.421053.29.0.txt, deny,0.6074593864076365,TBD
gov.uscourts.txnd.262553.29.0.txt, deny,0.588170266189683,TBD
gov.uscourts.prd.7495.358.0.txt, deny,0.6103626684890329,TBD
gov.uscourts.prd.7495.359.0.txt, deny,0.6342822085737081,TBD
gov.uscourts.txnd.139713.20.0.txt, deny,0.537877324385762,TBD
gov.uscourts.dcd.125714.13.0.txt, deny,0.5624263054276994,TBD
gov.uscourts.utd.80761.16.0.txt, deny,0.5938692019867637,TBD
gov.uscourts.njd.177509.341.0.txt, deny,0.5393063745861821,TBD
gov.uscourts.njd.177509.351.0.txt, grant,0.5603992793564913,TBD
gov.uscourts.dcd.130163.10.0.txt, deny,0.6087058735089328,TBD
gov.uscourts.dcd.130163.9.0.txt, deny,0.6077141331641509,TBD
gov.uscourts.utd.80761.11.0.txt, deny,0.6341076860886048,TBD
gov.uscourts.mad.118796.71.0.txt, grant,0.659174638194086,TBD
gov.uscourts.mad.118796.42.0.txt, grant,0.6747057013794664,TBD
gov.uscourts.mssd.78233.65.0.txt, deny,0.5269442718677984,TBD
gov.uscourts.cofc.34304.7.0.txt, grant,0.6838726211000337,TBD
gov.uscourts.cand.193761.121.0.txt, deny,0.5617154390781016,TBD
gov.uscourts.ohnd.232759.64.0.txt, deny,0.5723876525830605,TBD
gov.uscourts.flmd.185863.139.0.txt, deny,0.5380169785918274,TBD
gov.uscourts.scd.231036.57.0.txt, grant,0.5910067529912753,TBD
gov.uscourts.vaed.336338.68.0.txt, grant,0.5016056374953929,TBD
gov.uscourts.nysd.336140.79.0.txt, grant,0.5303176082502236,TBD
gov.uscourts.mad.131942.221.0.txt, deny,0.5184388603466645,TBD
gov.uscourts.ded.8821.69.0.txt, grant,0.5707065888485774,TBD
gov.uscourts.ded.8582.86.0.txt, grant,0.54423609272264,TBD
gov.uscourts.cand.324401.28.0.txt, grant,0.5579905598149565,TBD
gov.uscourts.flnd.60471.57.0.txt, grant,0.564212294265862,TBD
gov.uscourts.mad.120412.49.0.txt, deny,0.6136803648642322,TBD
gov.uscourts.mdd.6969.72.0.txt, deny,0.6459224109951021,TBD
gov.uscourts.rid.20970.46.0.txt, grant,0.5981733187214155,TBD
gov.uscourts.flnd.60471.84.0.txt, grant,0.7512700798443076,TBD
gov.uscourts.mdd.164313.21.0.txt, grant,0.5532764539315913,TBD
gov.uscourts.akd.388.86.0.txt, deny,0.5050349493033051,TBD
gov.uscourts.mad.127565.14.0.txt, grant,0.6087312611792015,TBD
gov.uscourts.cand.178063.96.0.txt, deny,0.5336029112871261,TBD
gov.uscourts.mad.99920.78.0.txt, deny,0.5951321514175019,TBD
gov.uscourts.mad.99920.79.0.txt, deny,0.5956785103876365,TBD
gov.uscourts.mad.99920.81.0.txt, grant,0.5117022316143948,TBD
gov.uscourts.cod.154010.50.0.txt, grant,0.5771128561423369,TBD
gov.uscourts.cod.154010.51.0.txt, grant,0.5672442731781524,TBD
gov.uscourts.ded.7515.126.0.txt, grant,0.586573971998524,TBD
gov.uscourts.txsd.1187370.25.0.txt, deny,0.5800056532720774,TBD
gov.uscourts.cand.197939.57.0.txt, deny,0.6131310280718718,TBD
gov.uscourts.mad.125993.53.0.txt, deny,0.5205512059021484,TBD
gov.uscourts.mad.125993.55.0.txt, deny,0.5700845329045532,TBD
gov.uscourts.waed.50947.17.0.txt, deny,0.5398565959924693,TBD
gov.uscourts.arwd.34777.20.0.txt, grant,0.6368918247036779,TBD
gov.uscourts.cand.311909.21.0.txt, grant,0.5349003711963002,TBD
gov.uscourts.dcd.146770.55.0.txt, deny,0.6450346314813584,TBD
gov.uscourts.laed.187803.27.0.txt, grant,0.515987383723181,TBD
gov.uscourts.insd.41796.121.0.txt, deny,0.5979557373811308,TBD
gov.uscourts.cand.199825.75.0.txt, deny,0.540517625382136,TBD
gov.uscourts.mad.104015.379.0.txt, grant,0.651080874453144,TBD
gov.uscourts.nysd.314508.18.0.txt, grant,0.5941946056976717,TBD
gov.uscourts.nced.155787.14.0.txt, deny,0.5180984471158354,TBD
gov.uscourts.nced.155787.15.0.txt, grant,0.5631715009948252,TBD
gov.uscourts.nced.155787.18.0.txt, grant,0.5438260288869082,TBD
gov.uscourts.ded.8320.115.0.txt, deny,0.5552848749661667,TBD
gov.uscourts.ded.8320.126.0.txt, grant,0.5590344959606508,TBD
gov.uscourts.dcd.127505.5.0.txt, grant,0.5168499337913903,TBD
gov.uscourts.dcd.124257.29.0.txt, grant,0.516425141743169,TBD
gov.uscourts.cand.197206.40.0.txt, grant,0.5445478660082119,TBD
gov.uscourts.cand.187342.82.0.txt, deny,0.5541889659578095,TBD
gov.uscourts.cand.187342.85.0.txt, deny,0.5451039558704391,TBD
gov.uscourts.flmd.189566.107.0.txt, grant,0.5693433762150583,TBD
gov.uscourts.gand.150651.241.0.txt, grant,0.5370682081589342,TBD
gov.uscourts.dcd.140567.27.0.txt, deny,0.627702001123684,TBD
gov.uscourts.vaed.271949.1003.0.txt, grant,0.5160460954462729,TBD
gov.uscourts.utd.86334.18.0.txt, deny,0.601568391022642,TBD
gov.uscourts.casd.415480.18.0.txt, deny,0.5664358624849206,TBD
gov.uscourts.vawd.93883.56.0.txt, deny,0.6280384969982209,TBD
gov.uscourts.cand.189806.55.0.txt, grant,0.5374396329085911,TBD
gov.uscourts.innd.56146.55.0.txt, grant,0.5521859508153107,TBD
gov.uscourts.mad.99435.40.0.txt, grant,0.5519995073554286,TBD
gov.uscourts.cand.196553.50.0.txt, grant,0.6139484795091532,TBD
gov.uscourts.ared.68443.45.0.txt, grant,0.5483669338519888,TBD
gov.uscourts.flmd.215470.108.0.txt, deny,0.6425923245597979,TBD
gov.uscourts.okwd.74802.59.0.txt, grant,0.5142891606703717,TBD
gov.uscourts.dcd.125714.21.0.txt, deny,0.5911914936896249,TBD
gov.uscourts.cofc.21320.95.0.txt, grant,0.6516263121408554,TBD
gov.uscourts.gamd.72629.124.0.txt, deny,0.5390260680373778,TBD
gov.uscourts.nysd.320985.16.0.txt, deny,0.507909138996365,TBD
gov.uscourts.akd.336.99.0.txt, deny,0.6760948786026989,TBD
gov.uscourts.flsd.468882.86.0.txt, grant,0.5563047671911688,TBD
gov.uscourts.txed.106076.329.0.txt, deny,0.6544551565217614,TBD
gov.uscourts.cand.196553.73.0.txt, grant,0.6181798624895456,TBD
gov.uscourts.txsd.674688.761.0.txt, deny,0.6792613605643463,TBD
gov.uscourts.nysd.316362.272.0.txt, deny,0.5218887925357512,TBD
gov.uscourts.cand.201244.174.0.txt, deny,0.5004994917303883,TBD
gov.uscourts.gamd.78153.30.0.txt, grant,0.523074593764717,TBD
gov.uscourts.gand.225850.55.0.txt, grant,0.5057053920094291,TBD
gov.uscourts.cod.101284.27.0.txt, grant,0.5804067173053303,TBD
gov.uscourts.nysd.325077.96.0.txt, grant,0.5428926685519564,TBD
gov.uscourts.msnd.30175.226.0.txt, grant,0.5892840206855788,TBD
gov.uscourts.ded.8666.77.0.txt, deny,0.5447782756542674,TBD
gov.uscourts.cand.193761.128.0.txt, grant,0.5104710806759531,TBD
gov.uscourts.nyed.340094.89.0.txt, deny,0.6210214383220689,TBD
gov.uscourts.mad.110243.86.0.txt, deny,0.5435283422938326,TBD
gov.uscourts.oknd.39523.11.0.txt, deny,0.5760198411413018,TBD
gov.uscourts.oknd.39523.16.0.txt, deny,0.5838860812683856,TBD
gov.uscourts.nced.134516.18.0.txt, deny,0.5344622311826195,TBD
gov.uscourts.mad.118796.60.0.txt, grant,0.7275281545886684,TBD
gov.uscourts.mad.118796.62.0.txt, grant,0.6711572443799212,TBD
gov.uscourts.dcd.124419.60.0.txt, grant,0.5057470148801042,TBD
gov.uscourts.wvnd.23804.145.0.txt, grant,0.561456456636735,TBD
gov.uscourts.txnd.215745.43.0.txt, deny,0.51595581043817,TBD
gov.uscourts.flsd.409801.137.0.txt, grant,0.5232114555048488,TBD
gov.uscourts.waed.51755.47.0.txt, deny,0.5557492745815108,TBD
gov.uscourts.waed.51755.49.0.txt, deny,0.5757758753159593,TBD
gov.uscourts.nvd.52663.17.0.txt, grant,0.5658091569404976,TBD
gov.uscourts.azd.55157.73.0.txt, grant,0.6087718115804555,TBD
gov.uscourts.azd.55157.74.0.txt, grant,0.6140631653761062,TBD
gov.uscourts.akd.7518.31.0.txt, grant,0.5156159572178254,TBD
gov.uscourts.akd.7518.35.0.txt, grant,0.5311915161650875,TBD
gov.uscourts.flmd.319241.39.0.txt, deny,0.5373915011828274,TBD
gov.uscourts.flmd.319241.43.0.txt, grant,0.5715249271353926,TBD
gov.uscourts.nvd.47421.38.0.txt, grant,0.5837957938794734,TBD
gov.uscourts.prd.130471.55.0.txt, deny,0.5182213552810071,TBD
gov.uscourts.azd.396130.918.0.txt, deny,0.5514472508186983,TBD
gov.uscourts.rid.37336.22.0.txt, deny,0.5732598521025982,TBD
gov.uscourts.nysd.503637.30.0.txt, grant,0.5139202579625306,TBD
gov.uscourts.nysd.503637.46.0.txt, grant,0.6440463368430227,TBD
gov.uscourts.nysd.478367.85.0.txt, grant,0.5392407261035519,TBD
gov.uscourts.wawd.262717.64.0.txt, deny,0.5621260334381146,TBD
gov.uscourts.wawd.262717.68.0.txt, deny,0.5573389212808137,TBD
gov.uscourts.cand.193336.45.0.txt, deny,0.5407958789160495,TBD
gov.uscourts.dcd.125462.15.0.txt, deny,0.5955601674966953,TBD
gov.uscourts.dcd.128326.86.0.txt, grant,0.540821370996127,TBD
gov.uscourts.dcd.128326.88.0.txt, grant,0.5080915478830861,TBD
gov.uscourts.mssd.71576.69.0.txt, grant,0.5196126815972189,TBD
gov.uscourts.cand.203053.20.0.txt, grant,0.5366877618570315,TBD
gov.uscourts.mssd.86758.91.0.txt, deny,0.6511533672261389,TBD
gov.uscourts.txnd.161973.8.0.txt, grant,0.5005554562116934,TBD
gov.uscourts.mssd.78233.52.0.txt, deny,0.5372374139319105,TBD
gov.uscourts.nysd.340636.36.0.txt, grant,0.6241068312866606,TBD
gov.uscourts.moed.111313.160.0.txt, grant,0.5710736991167464,TBD
gov.uscourts.flmd.319251.38.0.txt, deny,0.5330648058755816,TBD
gov.uscourts.flmd.319251.40.0.txt, grant,0.5538727411544646,TBD
gov.uscourts.ded.57626.69.0.txt, grant,0.5550117860498477,TBD
gov.uscourts.dcd.125917.121.0.txt, deny,0.6586542348365738,TBD
gov.uscourts.dcd.125917.131.0.txt, deny,0.6344267334561557,TBD
gov.uscourts.insd.32006.43.0.txt, grant,0.6754540048160259,TBD
gov.uscourts.flsd.391635.483.0.txt, deny,0.5664043210165111,TBD
gov.uscourts.mad.138553.28.0.txt, grant,0.5180079783570345,TBD
gov.uscourts.flmd.202363.62.0.txt, deny,0.611393393199197,TBD
gov.uscourts.nyed.309724.856.0.txt, deny,0.5569606494994584,TBD
gov.uscourts.nyed.309724.863.0.txt, deny,0.5968751524266303,TBD
gov.uscourts.txwd.900468.60.0.txt, deny,0.6068844540036173,TBD
gov.uscourts.insd.47393.21.0.txt, deny,0.7372579700411521,TBD
gov.uscourts.pamd.109758.18.0.txt, deny,0.6111825894587074,TBD
gov.uscourts.rid.38819.37.0.txt, grant,0.5475712108209226,TBD
gov.uscourts.gand.195356.21.0.txt, grant,0.5709164551968363,TBD
gov.uscourts.azd.396627.70.0.txt, deny,0.6054526772684748,TBD
gov.uscourts.nysd.323694.12.0.txt, deny,0.6004416599471116,TBD
gov.uscourts.sdd.47502.35.0.txt, grant,0.5360028950880501,TBD
gov.uscourts.azd.396130.820.0.txt, deny,0.6314080924826833,TBD
gov.uscourts.flsd.487642.29.0.txt, grant,0.5069158482501656,TBD
gov.uscourts.ohsd.3571.138.0.txt, grant,0.5838490188657998,TBD
gov.uscourts.cod.157833.40.0.txt, grant,0.6326160808110509,TBD
gov.uscourts.nysd.490537.10.0.txt, deny,0.6138345617270233,TBD
gov.uscourts.mowd.96314.19.0.txt, grant,0.6552721202037448,TBD
gov.uscourts.akd.336.69.0.txt, deny,0.6397275159219704,TBD
gov.uscourts.wawd.181150.232.0.txt, deny,0.741954124033376,TBD
gov.uscourts.wied.77855.22.0.txt, grant,0.5163491910810174,TBD
gov.uscourts.flmd.176928.35.0.txt, grant,0.5593657582651559,TBD
gov.uscourts.ared.68127.486.0.txt, deny,0.5702710248040432,TBD
gov.uscourts.nysd.337661.30.0.txt, grant,0.55682485305947,TBD
gov.uscourts.nysd.337661.39.0.txt, grant,0.5697181126261727,TBD
gov.uscourts.rid.20970.102.0.txt, deny,0.6415123088088612,TBD
gov.uscourts.rid.20970.108.0.txt, deny,0.6502519300696225,TBD
gov.uscourts.utd.104175.42.0.txt, deny,0.6794460610051909,TBD
gov.uscourts.flnd.69731.29.0.txt, grant,0.5311171411715039,TBD
gov.uscourts.dcd.153668.11.0.txt, grant,0.593572451922162,TBD
gov.uscourts.flmd.186117.95.0.txt, deny,0.6915089308385047,TBD
gov.uscourts.nvd.76125.17.0.txt, deny,0.6000588339272822,TBD
gov.uscourts.gand.200141.89.0.txt, deny,0.5133203524508241,TBD
gov.uscourts.insd.41796.202.0.txt, deny,0.5410853660779196,TBD
gov.uscourts.flnd.99533.29.0.txt, grant,0.5643639976855459,TBD
gov.uscourts.wyd.20882.35.0.txt, grant,0.6312251902668402,TBD
gov.uscourts.txnd.222550.142.0.txt, grant,0.6179508183494616,TBD
gov.uscourts.vtd.18657.128.0.txt, deny,0.559172363846585,TBD
gov.uscourts.flmd.300927.114.0.txt, deny,0.609824711612529,TBD
gov.uscourts.dcd.159531.11.0.txt, deny,0.511964973224199,TBD
gov.uscourts.dcd.159531.9.0.txt, deny,0.5914973277490583,TBD
gov.uscourts.txwd.460788.10.0.txt, deny,0.6412191985961864,TBD
gov.uscourts.mssd.87643.59.0.txt, deny,0.6020480660525388,TBD
gov.uscourts.mssd.87643.60.0.txt, deny,0.566765833396663,TBD
gov.uscourts.flmd.200065.112.0.txt, grant,0.5442665959544839,TBD
gov.uscourts.mad.149048.26.0.txt, deny,0.5013370840315408,TBD
gov.uscourts.txed.131528.248.0.txt, deny,0.5194363698442506,TBD
gov.uscourts.iasd.43707.23.0.txt, deny,0.5766106128723503,TBD
gov.uscourts.txsd.929985.14.0.txt, grant,0.5381937660408646,TBD
gov.uscourts.dcd.130154.20.0.txt, deny,0.6031764591906337,TBD
gov.uscourts.rid.37336.25.0.txt, deny,0.6441374985424138,TBD
gov.uscourts.rid.37336.28.0.txt, deny,0.6579228318286692,TBD
gov.uscourts.flsd.503260.64.0.txt, deny,0.6254540773140376,TBD
gov.uscourts.nmd.292186.95.0.txt, grant,0.5107304561428067,TBD
gov.uscourts.akd.336.101.0.txt, deny,0.6511925445716018,TBD
gov.uscourts.vaed.271949.852.0.txt, grant,0.6155100509984046,TBD
gov.uscourts.vaed.332067.50.0.txt, deny,0.6528459735194101,TBD
gov.uscourts.njd.249689.63.0.txt, grant,0.5292376379641143,TBD
gov.uscourts.njd.249689.64.0.txt, deny,0.5139003520664115,TBD
gov.uscourts.mad.143693.70.0.txt, grant,0.5333032749598083,TBD
gov.uscourts.mad.143693.71.0.txt, grant,0.6429583148604155,TBD
gov.uscourts.mad.124970.18.0.txt, grant,0.6043846048439041,TBD
gov.uscourts.caeb.408822.87.0.txt, deny,0.5435861496671064,TBD
gov.uscourts.dcd.126130.7.0.txt, deny,0.592165237618324,TBD
gov.uscourts.mad.142763.28.0.txt, grant,0.6322727860254789,TBD
gov.uscourts.akd.336.53.0.txt, deny,0.5674469952722089,TBD
gov.uscourts.mad.98545.92.0.txt, deny,0.5222181169566682,TBD
gov.uscourts.mad.98545.93.0.txt, grant,0.692816925990702,TBD
gov.uscourts.wyd.25836.9.0.txt, grant,0.5453058644280009,TBD
gov.uscourts.txnd.243166.142.0.txt, deny,0.6806286206368839,TBD
gov.uscourts.utd.57797.20.0.txt, deny,0.5645418234274672,TBD
gov.uscourts.insd.41796.247.0.txt, deny,0.5186798928249978,TBD
gov.uscourts.cofc.21214.26.0.txt, grant,0.6038978086633532,TBD
gov.uscourts.cand.195321.14.0.txt, deny,0.5553025049637108,TBD
gov.uscourts.ded.7515.224.0.txt, deny,0.5443749506884087,TBD
gov.uscourts.innd.56146.104.0.txt, deny,0.542152382804032,TBD
gov.uscourts.innd.56146.99.0.txt, grant,0.5021106481512813,TBD
gov.uscourts.akd.28044.48.0.txt, deny,0.639579526698117,TBD
gov.uscourts.cofc.2184.80.0.txt, grant,0.5763605389291402,TBD
gov.uscourts.ded.7515.215.0.txt, grant,0.5603786331081034,TBD
gov.uscourts.cand.194104.51.0.txt, deny,0.5146699742739924,TBD
gov.uscourts.ncmd.48871.7.0.txt, grant,0.5082532126154199,TBD
gov.uscourts.flsd.457651.32.0.txt, deny,0.553054873530695,TBD
gov.uscourts.flsd.442079.25.0.txt, grant,0.6503996671621859,TBD
gov.uscourts.txsd.1196187.14.0.txt, deny,0.6537284551960024,TBD
gov.uscourts.ksd.110835.13.0.txt, deny,0.5040457276970922,TBD
gov.uscourts.nysd.317965.11.0.txt, grant,0.555832465037593,TBD
gov.uscourts.mad.97962.161.0.txt, deny,0.5646705565176157,TBD
gov.uscourts.wied.72179.14.0.txt, deny,0.5912551174540803,TBD
gov.uscourts.orb.461385.81.0.txt, deny,0.5301490830428837,TBD
gov.uscourts.orb.461385.88.0.txt, deny,0.5417270029866774,TBD
gov.uscourts.flsd.422841.82.0.txt, deny,0.551174664454888,TBD
gov.uscourts.flmd.206567.186.0.txt, grant,0.5421676772780243,TBD
gov.uscourts.ded.7532.109.0.txt, grant,0.6189454984588572,TBD
gov.uscourts.nysd.330523.368.0.txt, deny,0.5049333303710244,TBD
gov.uscourts.nysd.330523.396.0.txt, deny,0.5151841929570247,TBD
gov.uscourts.nysd.330523.408.0.txt, deny,0.5022750201490764,TBD
gov.uscourts.casd.258578.63.0.txt, grant,0.6075388595707616,TBD
gov.uscourts.cand.196553.116.0.txt, grant,0.5204178740450967,TBD
gov.uscourts.txwd.459523.590.0.txt, deny,0.6803150159910725,TBD
gov.uscourts.mied.188875.448.0.txt, deny,0.5917178221801118,TBD
gov.uscourts.mied.188875.449.0.txt, grant,0.5544631137757391,TBD
gov.uscourts.mad.130087.21.0.txt, grant,0.5162027993800824,TBD
gov.uscourts.nvd.106481.40.0.txt, grant,0.5365346507351652,TBD
gov.uscourts.nysd.317950.160.0.txt, grant,0.7206951135070769,TBD
gov.uscourts.mssd.98306.89.0.txt, deny,0.5705157344584015,TBD
gov.uscourts.flmd.186117.90.0.txt, deny,0.660761335721266,TBD
gov.uscourts.utd.81811.19.0.txt, deny,0.5779629083711999,TBD
gov.uscourts.utd.81811.22.0.txt, deny,0.5701556024087329,TBD
gov.uscourts.utd.81811.38.0.txt, deny,0.6183035182226335,TBD
gov.uscourts.msnd.33061.25.0.txt, grant,0.5657707772938423,TBD
gov.uscourts.txed.127220.459.0.txt, deny,0.6411313694181886,TBD
gov.uscourts.hid.128245.26.0.txt, grant,0.56195857114879,TBD
gov.uscourts.utd.80761.26.0.txt, deny,0.6215001067218537,TBD
gov.uscourts.mdd.2887.86.0.txt, grant,0.5546893304648409,TBD
gov.uscourts.nced.149380.18.0.txt, grant,0.5453960216085013,TBD
gov.uscourts.tnmd.48525.18.0.txt, deny,0.520334856168111,TBD
gov.uscourts.txed.106763.78.0.txt, deny,0.521957347444731,TBD
gov.uscourts.utd.79558.90.0.txt, grant,0.5579850395717437,TBD
gov.uscourts.tned.51913.83.0.txt, deny,0.503502836752024,TBD
gov.uscourts.akd.54095.242.0.txt, grant,0.5007314781208507,TBD
gov.uscourts.wiwd.37095.49.0.txt, grant,0.6068984975711382,TBD
gov.uscourts.cofc.22695.16.0.txt, deny,0.589459620903134,TBD
gov.uscourts.wied.51939.15.0.txt, grant,0.5071570583087343,TBD
gov.uscourts.utd.107895.55.0.txt, deny,0.6601047937084149,TBD
gov.uscourts.txwd.900468.17.0.txt, deny,0.5428300206886093,TBD
gov.uscourts.vaed.271949.956.0.txt, grant,0.5852414703280099,TBD
gov.uscourts.dcd.127505.8.0.txt, grant,0.6108098225049428,TBD
gov.uscourts.mied.188875.441.0.txt, grant,0.6071526404107717,TBD
gov.uscourts.dcd.124851.71.0.txt, deny,0.5556948037703979,TBD
gov.uscourts.azd.396130.902.0.txt, deny,0.6724478698172056,TBD
gov.uscourts.azd.396130.911.0.txt, deny,0.62885935359141,TBD
gov.uscourts.flsd.405861.537.0.txt, deny,0.5660550993584628,TBD
gov.uscourts.nysd.316362.441.0.txt, deny,0.6009949537446447,TBD
gov.uscourts.akd.388.87.0.txt, deny,0.5600211173595742,TBD
gov.uscourts.cofc.7871.496.0.txt, deny,0.5260872951179532,TBD
gov.uscourts.cofc.7871.497.0.txt, deny,0.5275810177457145,TBD
gov.uscourts.azd.396129.1036.0.txt, grant,0.5513044544069123,TBD
gov.uscourts.nysd.356755.34.0.txt, deny,0.5518032287227261,TBD
gov.uscourts.akd.336.100.0.txt, deny,0.636238433243719,TBD
gov.uscourts.ded.8291.63.0.txt, grant,0.5810755035477391,TBD
gov.uscourts.pawd.192649.192.0.txt, deny,0.6542113623913458,TBD
gov.uscourts.txsd.531293.10.0.txt, deny,0.6188717146193747,TBD
gov.uscourts.txsd.450852.19.0.txt, deny,0.6465103961580554,TBD
gov.uscourts.mowd.97892.12.0.txt, deny,0.5340312536169738,TBD
gov.uscourts.flnd.60471.45.0.txt, grant,0.6439230200174131,TBD
gov.uscourts.dcd.140297.6.0.txt, grant,0.5705900770842232,TBD
gov.uscourts.akd.336.131.0.txt, deny,0.6174358200346175,TBD
gov.uscourts.wvnd.2597.122.0.txt, deny,0.5866043901774984,TBD
gov.uscourts.mdd.250622.10.0.txt, deny,0.5862784226374189,TBD
gov.uscourts.dcd.137887.57.0.txt, deny,0.5343162541222672,TBD
gov.uscourts.txwd.890140.59.0.txt, deny,0.5402663856618044,TBD
gov.uscourts.gamd.82262.46.0.txt, deny,0.6187118403325436,TBD
gov.uscourts.msnd.33061.22.0.txt, grant,0.5560258288600476,TBD
gov.uscourts.gamd.86730.129.0.txt, deny,0.6466484878411649,TBD
gov.uscourts.cand.197658.59.0.txt, deny,0.5410812722021852,TBD
gov.uscourts.cand.197658.62.0.txt, deny,0.5246865958114528,TBD
gov.uscourts.ded.7515.199.0.txt, deny,0.6740716263188307,TBD
gov.uscourts.flnd.51835.29.0.txt, deny,0.6138501903832192,TBD
gov.uscourts.mdd.292999.29.0.txt, deny,0.6021522951611225,TBD
gov.uscourts.wvnd.32128.311.0.txt, grant,0.6928130054803365,TBD
gov.uscourts.txwd.477657.26.0.txt, deny,0.5479817188089735,TBD
gov.uscourts.arwd.41397.39.0.txt, grant,0.5157701337183982,TBD
gov.uscourts.nysd.316362.446.0.txt, deny,0.6907876256552625,TBD
gov.uscourts.flmd.300927.146.0.txt, deny,0.5629786067764577,TBD
gov.uscourts.innd.56146.85.0.txt, grant,0.5073460281795161,TBD
gov.uscourts.innd.56146.86.0.txt, grant,0.5486128769770423,TBD
gov.uscourts.innd.56146.89.0.txt, grant,0.5207565870775904,TBD
gov.uscourts.flmd.203984.86.0.txt, deny,0.5135594494010998,TBD
gov.uscourts.njd.259223.48.0.txt, grant,0.5646147199714219,TBD
gov.uscourts.caed.261593.62.0.txt, deny,0.5216689276643971,TBD
gov.uscourts.dcd.180660.154.0.txt, grant,0.5569654775330942,TBD
gov.uscourts.wied.45575.1425.0.txt, deny,0.6778868726420948,TBD
gov.uscourts.vaed.371699.32.0.txt, grant,0.5297905813027259,TBD
gov.uscourts.flsd.394574.26.0.txt, deny,0.5807865361896942,TBD
gov.uscourts.flsd.394574.29.0.txt, deny,0.5228106828863296,TBD
gov.uscourts.vaed.276422.19.0.txt, grant,0.5662156591059144,TBD
gov.uscourts.pawd.211032.186.0.txt, grant,0.550528953899273,TBD
gov.uscourts.cofc.16889.126.0.txt, deny,0.6240343938529431,TBD
gov.uscourts.mad.145222.13.0.txt, grant,0.6481900883079743,TBD
gov.uscourts.pawd.192649.65.0.txt, deny,0.7441452072102932,TBD
gov.uscourts.wawd.169590.34.0.txt, deny,0.644893121552483,TBD
gov.uscourts.njd.186370.45.0.txt, deny,0.6035805470939091,TBD
gov.uscourts.njd.186370.46.0.txt, deny,0.5366530436296534,TBD
gov.uscourts.wawd.178269.61.0.txt, deny,0.6174515530537243,TBD
gov.uscourts.wawd.178269.62.0.txt, deny,0.5157296898286563,TBD
gov.uscourts.rid.31460.81.0.txt, deny,0.69413849366838,TBD
gov.uscourts.mad.139177.337.0.txt, deny,0.5585464558313249,TBD
gov.uscourts.flmd.176111.14.0.txt, deny,0.5648923256698386,TBD
gov.uscourts.flsd.443251.303.0.txt, deny,0.6258742146773062,TBD
gov.uscourts.cand.205349.172.0.txt, deny,0.5063587449652265,TBD
gov.uscourts.cand.205349.173.0.txt, grant,0.5157094066773067,TBD
gov.uscourts.kywd.82565.914.0.txt, grant,0.6373964522997501,TBD
gov.uscourts.pawd.211032.187.0.txt, grant,0.5866154536359324,TBD
gov.uscourts.cand.193761.75.0.txt, grant,0.5129774739334046,TBD
gov.uscourts.dcd.131585.4.0.txt, deny,0.7181824824040697,TBD
gov.uscourts.miwd.5376.50.0.txt, deny,0.6235876939881072,TBD
gov.uscourts.nysd.310956.19.0.txt, grant,0.5843602672532003,TBD
gov.uscourts.nysd.310956.28.0.txt, grant,0.5318070767487095,TBD
gov.uscourts.msnd.33061.158.0.txt, grant,0.6251154008996308,TBD
gov.uscourts.cofc.7871.341.0.txt, deny,0.5265765111597209,TBD
gov.uscourts.txwd.765411.21.0.txt, deny,0.5523662325322019,TBD
gov.uscourts.flsd.371805.356.0.txt, deny,0.6308330758459846,TBD
gov.uscourts.cand.199599.57.0.txt, deny,0.504633429330827,TBD
gov.uscourts.flmd.218567.444.0.txt, deny,0.5155632257149696,TBD
gov.uscourts.nysd.325990.6.0.txt, grant,0.5347840705106643,TBD
gov.uscourts.mied.197253.18.0.txt, deny,0.5614299056856286,TBD
gov.uscourts.med.54793.29.0.txt, deny,0.567982391902745,TBD
gov.uscourts.mdd.239946.16.0.txt, grant,0.5268650356587029,TBD
gov.uscourts.mdd.239946.20.0.txt, deny,0.6187264030283428,TBD
gov.uscourts.mdd.239946.25.0.txt, grant,0.5458913341005582,TBD
gov.uscourts.mdd.239946.30.0.txt, grant,0.5451976093524774,TBD
gov.uscourts.oknd.37023.101.0.txt, deny,0.7579836895249986,TBD
gov.uscourts.tnmd.55717.56.0.txt, deny,0.5724213727501748,TBD
gov.uscourts.cofc.22685.27.0.txt, grant,0.5464580096895845,TBD
gov.uscourts.cand.196553.97.0.txt, grant,0.5591994775294118,TBD
gov.uscourts.casd.256908.146.0.txt, deny,0.651658170410014,TBD
gov.uscourts.azd.396130.630.0.txt, deny,0.5189170557663945,TBD
gov.uscourts.wied.42230.80.0.txt, deny,0.5973344127591911,TBD
gov.uscourts.cand.197363.32.0.txt, grant,0.5475726988466572,TBD
gov.uscourts.rid.20478.91.0.txt, grant,0.5160975068165571,TBD
gov.uscourts.cand.195345.77.0.txt, deny,0.5974510411820997,TBD
gov.uscourts.wiwd.29135.31.0.txt, deny,0.5729360032688828,TBD
gov.uscourts.gand.211047.114.0.txt, deny,0.6340786606437661,TBD
gov.uscourts.njd.318127.17.0.txt, deny,0.624813383407953,TBD
gov.uscourts.tnwd.61189.16.0.txt, deny,0.5391346534776433,TBD
gov.uscourts.tnwd.61189.19.0.txt, deny,0.5238938991855516,TBD
gov.uscourts.txnd.136421.30.0.txt, deny,0.6296266585471089,TBD
gov.uscourts.nysd.316252.15.0.txt, grant,0.6298855817203285,TBD
gov.uscourts.cod.154010.23.0.txt, grant,0.5430478092164441,TBD
gov.uscourts.med.48617.26.0.txt, deny,0.7348144025806067,TBD
gov.uscourts.njd.177509.366.0.txt, grant,0.5965215765451946,TBD
gov.uscourts.mdd.200994.31.0.txt, deny,0.5554225331132278,TBD
gov.uscourts.dcd.124257.19.0.txt, deny,0.5542476346417323,TBD
gov.uscourts.cand.193889.100.0.txt, deny,0.6221501480046738,TBD
gov.uscourts.nysd.351413.250.0.txt, grant,0.5344434377648737,TBD
gov.uscourts.wied.42230.56.0.txt, deny,0.635198317568219,TBD
gov.uscourts.mdd.229276.21.0.txt, deny,0.5381429076490107,TBD
gov.uscourts.casd.258850.19.0.txt, deny,0.5300390157090176,TBD
gov.uscourts.nywd.79861.235.0.txt, deny,0.6379463082834191,TBD
gov.uscourts.wawd.150842.47.0.txt, deny,0.5555814368256635,TBD
gov.uscourts.wawd.150842.53.0.txt, deny,0.5168567720510392,TBD
gov.uscourts.cand.202261.31.0.txt, deny,0.5741291518494885,TBD
gov.uscourts.cand.205856.131.0.txt, deny,0.5189127306842766,TBD
gov.uscourts.cand.205856.84.0.txt, deny,0.6049041151948469,TBD
gov.uscourts.azd.579795.447.0.txt, deny,0.5399460388962329,TBD
gov.uscourts.vawd.93883.36.0.txt, deny,0.7117863377934588,TBD
gov.uscourts.flsd.416630.216.0.txt, deny,0.58368222840502,TBD
gov.uscourts.nysd.361717.35.0.txt, grant,0.5480859337343368,TBD
gov.uscourts.mad.107199.234.0.txt, grant,0.5683802768289106,TBD
gov.uscourts.azd.396130.208.0.txt, deny,0.6122964489543081,TBD
gov.uscourts.dcd.126577.9.0.txt, deny,0.561873323619229,TBD
gov.uscourts.wied.43901.14.0.txt, deny,0.7198957008246891,TBD
gov.uscourts.cand.205452.18.0.txt, deny,0.5149011201660387,TBD
gov.uscourts.wied.63989.136.0.txt, grant,0.5978578145380955,TBD
gov.uscourts.nysd.330523.788.0.txt, deny,0.507745960722898,TBD
gov.uscourts.mdd.252048.19.0.txt, grant,0.505103748958454,TBD
gov.uscourts.ksd.89960.23.0.txt, grant,0.6376864044966755,TBD
gov.uscourts.casd.415480.17.0.txt, deny,0.5192239477017717,TBD
gov.uscourts.casd.256908.153.0.txt, deny,0.6442699244333421,TBD
gov.uscourts.casd.256908.177.0.txt, deny,0.5410374412129184,TBD
gov.uscourts.cofc.2184.93.0.txt, grant,0.6064144207581432,TBD
gov.uscourts.vaed.357857.13.0.txt, deny,0.6825458903519082,TBD
gov.uscourts.wied.45575.1124.0.txt, deny,0.6340798859215803,TBD
gov.uscourts.wied.45575.1125.0.txt, deny,0.5298881540844291,TBD
gov.uscourts.azd.396627.64.0.txt, deny,0.6027746517845175,TBD
gov.uscourts.azd.396627.74.0.txt, deny,0.60440485011877,TBD
gov.uscourts.azd.396627.76.0.txt, deny,0.6011151309063256,TBD
gov.uscourts.vtd.24314.55.0.txt, grant,0.5460672827248112,TBD
gov.uscourts.wiwd.31004.52.0.txt, deny,0.5227692284186147,TBD
gov.uscourts.ared.94172.16.0.txt, deny,0.5256386626397521,TBD
gov.uscourts.vaed.272788.60.0.txt, grant,0.6302822049407597,TBD
gov.uscourts.gand.148804.32.0.txt, deny,0.5310423423981492,TBD
gov.uscourts.nyed.344897.19.0.txt, deny,0.5287299488331154,TBD
gov.uscourts.casd.258578.120.0.txt, deny,0.5242409985906286,TBD
gov.uscourts.casd.258578.125.0.txt, deny,0.527230427629884,TBD
gov.uscourts.txsd.586810.13.0.txt, grant,0.5273479417313057,TBD
gov.uscourts.nyed.318812.12.0.txt, deny,0.5339289982785227,TBD
gov.uscourts.txsd.377432.111.0.txt, grant,0.6100212766141636,TBD
gov.uscourts.nysd.323262.28.0.txt, deny,0.5810876269123695,TBD
gov.uscourts.azd.396130.856.0.txt, grant,0.5108359226686336,TBD
gov.uscourts.vawd.107067.19.0.txt, deny,0.5824318176504388,TBD
gov.uscourts.flsd.451348.78.0.txt, deny,0.5937733498594732,TBD
gov.uscourts.nysd.361327.83.0.txt, deny,0.5330936052979124,TBD
gov.uscourts.txwd.934015.7.0.txt, deny,0.5218190383910217,TBD
gov.uscourts.nyed.323213.30.0.txt, deny,0.612376677921951,TBD
gov.uscourts.tnmd.63626.49.0.txt, deny,0.5142290316036461,TBD
gov.uscourts.wiwd.38730.31.0.txt, grant,0.5936490179779136,TBD
gov.uscourts.nysd.353523.179.0.txt, deny,0.5789576229085649,TBD
gov.uscourts.flmd.300112.75.0.txt, grant,0.6387109618044432,TBD
gov.uscourts.mdd.178777.15.0.txt, deny,0.5756571151409908,TBD
gov.uscourts.nvd.101706.28.0.txt, grant,0.547411833325608,TBD
gov.uscourts.mad.152628.115.0.txt, deny,0.6244292372170868,TBD
gov.uscourts.txwd.891647.14.0.txt, deny,0.5954267992436744,TBD
gov.uscourts.alnd.144231.26.0.txt, deny,0.5272806573244253,TBD
gov.uscourts.alnd.144231.32.0.txt, deny,0.5289182228269815,TBD
gov.uscourts.dcd.166614.9.0.txt, grant,0.5131834524404651,TBD
gov.uscourts.wiwd.778.123.0.txt, deny,0.6962595255818345,TBD
gov.uscourts.cand.195321.22.0.txt, deny,0.5494069431939035,TBD
gov.uscourts.nysd.352891.15.0.txt, grant,0.5795949099666889,TBD
gov.uscourts.wawd.224670.31.0.txt, deny,0.5558583481058066,TBD
gov.uscourts.mied.260321.65.0.txt, grant,0.5139529543974075,TBD
gov.uscourts.txed.134006.20.0.txt, deny,0.5398488868443729,TBD
gov.uscourts.txwd.504861.7.0.txt, grant,0.51873666577245,TBD
gov.uscourts.txsd.1342491.30.0.txt, grant,0.5047289565163391,TBD
gov.uscourts.cand.196553.115.0.txt, grant,0.5426207557234204,TBD
gov.uscourts.txwd.955890.24.0.txt, deny,0.5372039674465261,TBD
gov.uscourts.txwd.955890.33.0.txt, deny,0.5925673018039366,TBD
gov.uscourts.utd.80761.17.0.txt, deny,0.6667776035831952,TBD
gov.uscourts.nyed.396365.50.0.txt, grant,0.5981026461467278,TBD
gov.uscourts.utd.17917.1111.0.txt, deny,0.5745412984415375,TBD
gov.uscourts.rid.31460.39.0.txt, deny,0.5570852496517935,TBD
gov.uscourts.njd.271501.19.0.txt, grant,0.5062705098094282,TBD
gov.uscourts.utd.91767.59.0.txt, grant,0.5789405607651114,TBD
gov.uscourts.akd.336.81.0.txt, deny,0.6291750446411508,TBD
gov.uscourts.cand.203854.53.0.txt, grant,0.5335007116202921,TBD
gov.uscourts.txed.132361.30.0.txt, deny,0.5989067454922784,TBD
gov.uscourts.mad.124201.64.0.txt, grant,0.579142559143051,TBD
gov.uscourts.vaed.249311.111.0.txt, deny,0.6850376184082629,TBD
gov.uscourts.rid.6021.19.0.txt, grant,0.5625155639905061,TBD
gov.uscourts.cand.196553.49.0.txt, grant,0.5804359939710705,TBD
gov.uscourts.ared.68127.504.0.txt, deny,0.5585619524286257,TBD
gov.uscourts.txed.125700.492.0.txt, deny,0.5717784879863246,TBD
gov.uscourts.mad.110973.123.0.txt, deny,0.5289656490726964,TBD
gov.uscourts.nyed.367002.27.0.txt, deny,0.5833558296315258,TBD
gov.uscourts.txsd.1389789.60.0.txt, deny,0.5311012659197999,TBD
gov.uscourts.cand.195405.45.0.txt, deny,0.5931750424872848,TBD
gov.uscourts.wawd.157380.16.0.txt, deny,0.5309693520522871,TBD
gov.uscourts.paed.501254.63.0.txt, deny,0.5585505328260991,TBD
gov.uscourts.moed.137161.99.0.txt, grant,0.5806000737964878,TBD
gov.uscourts.cand.34465.323.0.txt, deny,0.5284969483717221,TBD
gov.uscourts.flsd.446918.73.0.txt, grant,0.510570740522765,TBD
gov.uscourts.flmd.173598.79.0.txt, deny,0.5251616844519031,TBD
gov.uscourts.akd.336.132.0.txt, deny,0.611744048155787,TBD
gov.uscourts.caeb.462671.26.0.txt, deny,0.6591664765870155,TBD
gov.uscourts.akd.336.49.0.txt, deny,0.56318681501379,TBD
gov.uscourts.mad.123555.106.0.txt, grant,0.5605482842160457,TBD
gov.uscourts.azd.396129.1071.0.txt, deny,0.6063820084719915,TBD
gov.uscourts.txed.115655.30.0.txt, grant,0.5300982962136548,TBD
gov.uscourts.dcd.153133.22.0.txt, deny,0.6158937807958612,TBD
gov.uscourts.azd.396130.324.0.txt, deny,0.5709872355703977,TBD
gov.uscourts.flmd.200065.110.0.txt, grant,0.534111296567713,TBD
gov.uscourts.gand.148804.55.0.txt, grant,0.5094998873061536,TBD
gov.uscourts.gand.148804.56.0.txt, grant,0.5228285351480231,TBD
gov.uscourts.gand.148804.60.0.txt, deny,0.5582950827964118,TBD
gov.uscourts.cand.192993.32.0.txt, grant,0.5220507157840658,TBD
gov.uscourts.nyed.370380.18.0.txt, grant,0.6001688794894471,TBD
gov.uscourts.wyd.20882.45.0.txt, deny,0.5137093457527093,TBD
gov.uscourts.pamd.94875.93.0.txt, deny,0.5206956594143586,TBD
gov.uscourts.dcd.149464.13.0.txt, grant,0.5519191273814177,TBD
gov.uscourts.vaed.250659.40.0.txt, deny,0.6363557468364803,TBD
gov.uscourts.njd.283009.10.0.txt, deny,0.6437359209026547,TBD
gov.uscourts.mdd.200997.30.0.txt, deny,0.7207423009948296,TBD
gov.uscourts.dcd.190182.10.0.txt, deny,0.5290199932360403,TBD
gov.uscourts.dcd.190182.14.0.txt, deny,0.6770464744229405,TBD
gov.uscourts.cofc.16889.67.0.txt, deny,0.6943952641031765,TBD
gov.uscourts.nmd.303741.164.0.txt, deny,0.6729645861286149,TBD
gov.uscourts.prd.76646.15.0.txt, deny,0.6589130828917791,TBD
gov.uscourts.cand.204881.141.0.txt, deny,0.5490364634826983,TBD
gov.uscourts.arwd.28923.17.0.txt, deny,0.5112464906495713,TBD
gov.uscourts.utd.57797.27.0.txt, deny,0.5822678303724045,TBD
gov.uscourts.laed.187803.15.0.txt, grant,0.5581998729585,TBD
gov.uscourts.wyd.20616.123.0.txt, deny,0.5029449690900734,TBD
gov.uscourts.nysd.330829.8.0.txt, deny,0.6257249544554633,TBD
gov.uscourts.casd.258578.99.0.txt, grant,0.6195619236014727,TBD
gov.uscourts.mdd.164416.28.0.txt, deny,0.5013161607896299,TBD
gov.uscourts.cand.196504.62.0.txt, grant,0.5098129101896898,TBD
gov.uscourts.cand.196504.64.0.txt, grant,0.5412920695920427,TBD
gov.uscourts.txnd.243166.226.0.txt, deny,0.6516258998760325,TBD
gov.uscourts.wiwd.778.152.0.txt, deny,0.6156994341280195,TBD
gov.uscourts.vaed.276422.52.0.txt, grant,0.6109139262167319,TBD
gov.uscourts.iasd.51231.106.0.txt, deny,0.6266647982360871,TBD
gov.uscourts.ilsd.78396.73.0.txt, deny,0.5226345806534367,TBD
gov.uscourts.flnd.67528.32.0.txt, deny,0.6520690303708485,TBD
gov.uscourts.txed.105345.16.0.txt, deny,0.6892918742755778,TBD
gov.uscourts.wied.72179.19.0.txt, deny,0.6080810458748181,TBD
gov.uscourts.azd.396130.939.0.txt, grant,0.5083899545621163,TBD
gov.uscourts.nysd.328965.18.0.txt, grant,0.5040340824628751,TBD
gov.uscourts.insd.41796.250.0.txt, grant,0.5301878468842688,TBD
gov.uscourts.akd.388.29.0.txt, deny,0.6540458414230006,TBD
gov.uscourts.cand.192480.18.0.txt, deny,0.6044699581484855,TBD
gov.uscourts.txsd.594.55.0.txt, deny,0.6815457803514208,TBD
gov.uscourts.laed.124762.90.0.txt, deny,0.6396187144996959,TBD
gov.uscourts.pawd.27151.329.0.txt, deny,0.6559086772447222,TBD
gov.uscourts.njd.239110.26.0.txt, grant,0.5718025695058264,TBD
gov.uscourts.dcd.130042.25.0.txt, deny,0.5395545053243398,TBD
gov.uscourts.mied.317381.78.0.txt, deny,0.5463006634127447,TBD
gov.uscourts.dcd.169197.14.0.txt, grant,0.5790797825636984,TBD
gov.uscourts.gand.132576.277.0.txt, deny,0.6377968666815921,TBD
gov.uscourts.utd.90796.43.0.txt, deny,0.6102048909157645,TBD
gov.uscourts.txsd.1121479.34.0.txt, deny,0.5352200526238473,TBD
gov.uscourts.akd.69.196.0.txt, deny,0.5397668089810945,TBD
gov.uscourts.akd.336.217.0.txt, deny,0.6152315012219713,TBD
gov.uscourts.vaed.271949.990.0.txt, grant,0.6725328081174866,TBD
gov.uscourts.innd.56146.23.0.txt, grant,0.5134633651215313,TBD
gov.uscourts.alnd.157636.34.0.txt, grant,0.5201883047434,TBD
gov.uscourts.txwd.414417.33.0.txt, grant,0.6209344094321722,TBD
gov.uscourts.ded.58378.19.0.txt, grant,0.5165208815646409,TBD
gov.uscourts.cand.199646.306.0.txt, deny,0.6239507790138754,TBD
gov.uscourts.cacd.470923.66.0.txt, grant,0.6286342182297422,TBD
